District,Division,Year,Season,Area_ir,Area_rf,Area_total,Pct_irrigated,Planting_Month_w,Maturity_Month_w
Bagerhat,Khulna,2000,Aman,307.0,74366.0,74673.0,0.004111258420044729,7.0,11.995888741579956
Bagerhat,Khulna,2000,Aus,0.0,7253.0,7253.0,0.0,4.0,8.0
Bagerhat,Khulna,2000,Boro,24989.0,37493.0,62482.0,0.39993918248455557,5.399331007330111,4.600060817515445
Bagerhat,Khulna,2005,Aman,361.0,65288.0,65649.0,0.005498941339548203,7.0,11.994501058660452
Bagerhat,Khulna,2005,Aus,0.0,6367.0,6367.0,0.0,4.0,8.0
Bagerhat,Khulna,2005,Boro,29795.0,32916.0,62711.0,0.4751160083557909,6.226276091913699,4.524883991644209
Bagerhat,Khulna,2010,Aman,393.0,71778.0,72171.0,0.005445400507128902,7.0,11.99455459949287
Bagerhat,Khulna,2010,Aus,0.0,7000.0,7000.0,0.0,4.0,8.0
Bagerhat,Khulna,2010,Boro,32448.0,36188.0,68636.0,0.47275482254210616,6.2003030479631684,4.5272451774578935
Bagerhat,Khulna,2015,Aman,393.0,70302.0,70695.0,0.005559091873541269,7.0,11.994440908126458
Bagerhat,Khulna,2015,Aus,0.0,6856.0,6856.0,0.0,4.0,8.0
Bagerhat,Khulna,2015,Boro,32448.0,35444.0,67892.0,0.4779355446886231,6.2572909915748545,4.5220644553113765
Bandarban,Chittagong,2000,Aman,0.0,10189.0,10189.0,0.0,8.0,12.0
Bandarban,Chittagong,2000,Aus,0.0,9626.0,9626.0,0.0,4.0,8.0
Bandarban,Chittagong,2000,Boro,1941.0,4002.0,5943.0,0.32660272589601214,4.592629984856133,4.0
Bandarban,Chittagong,2005,Aman,0.0,8945.0,8945.0,0.0,8.0,12.0
Bandarban,Chittagong,2005,Aus,0.0,8451.0,8451.0,0.0,4.0,8.0
Bandarban,Chittagong,2005,Boro,2314.0,3513.0,5827.0,0.39711686974429383,5.368285567187232,4.0
Bandarban,Chittagong,2010,Aman,0.0,9834.0,9834.0,0.0,8.0,12.0
Bandarban,Chittagong,2010,Aus,0.0,9291.0,9291.0,0.0,4.0,8.0
Bandarban,Chittagong,2010,Boro,2520.0,3863.0,6383.0,0.39479868400438667,5.342785524048253,4.0
Bandarban,Chittagong,2015,Aman,0.0,9632.0,9632.0,0.0,8.0,12.0
Bandarban,Chittagong,2015,Aus,0.0,9100.0,9100.0,0.0,4.0,8.0
Bandarban,Chittagong,2015,Boro,2520.0,3783.0,6303.0,0.39980961446930036,5.397905759162303,4.0
Barguna,Barisal,2000,Aman,0.0,112504.0,112504.0,0.0,8.0,12.0
Barguna,Barisal,2000,Aus,0.0,50545.0,50545.0,0.0,5.0,8.0
Barguna,Barisal,2000,Boro,527.0,0.0,527.0,1.0,12.0,4.0
Barguna,Barisal,2005,Aman,0.0,98770.0,98770.0,0.0,8.0,12.0
Barguna,Barisal,2005,Aus,0.0,44375.0,44375.0,0.0,5.0,8.0
Barguna,Barisal,2005,Boro,3663.0,0.0,3663.0,1.0,12.0,4.0
Barguna,Barisal,2010,Aman,0.0,108588.0,108588.0,0.0,8.0,12.0
Barguna,Barisal,2010,Aus,0.0,48786.0,48786.0,0.0,5.0,8.0
Barguna,Barisal,2010,Boro,4725.0,0.0,4725.0,1.0,12.0,4.0
Barguna,Barisal,2015,Aman,0.0,106356.0,106356.0,0.0,8.0,12.0
Barguna,Barisal,2015,Aus,0.0,47783.0,47783.0,0.0,5.0,8.0
Barguna,Barisal,2015,Boro,4725.0,0.0,4725.0,1.0,12.0,4.0
Barisal,Barisal,2000,Aman,615.0,102101.0,102716.0,0.005987382686241676,7.994012617313758,11.994012617313759
Barisal,Barisal,2000,Aus,0.0,26758.0,26758.0,0.0,4.0,8.0
Barisal,Barisal,2000,Boro,29348.0,49824.0,79172.0,0.3706866063759915,5.077552670135907,4.0
Barisal,Barisal,2005,Aman,722.0,89637.0,90359.0,0.007990349605462655,7.992009650394538,11.992009650394538
Barisal,Barisal,2005,Aus,0.0,23491.0,23491.0,0.0,4.0,8.0
Barisal,Barisal,2005,Boro,33703.0,43741.0,77444.0,0.43519188058468056,5.787110686431486,4.0
Barisal,Barisal,2010,Aman,787.0,98548.0,99335.0,0.007922685860975488,7.992077314139024,11.992077314139024
Barisal,Barisal,2010,Aus,0.0,25827.0,25827.0,0.0,4.0,8.0
Barisal,Barisal,2010,Boro,43474.0,48089.0,91563.0,0.47479877242991164,6.222786496729028,4.0
Barisal,Barisal,2015,Aman,787.0,96522.0,97309.0,0.00808763834794315,7.991912361652057,11.991912361652057
Barisal,Barisal,2015,Aus,0.0,25296.0,25296.0,0.0,4.0,8.0
Barisal,Barisal,2015,Boro,43474.0,47101.0,90575.0,0.4799779188517803,6.2797571073695835,4.0
Bhola,Barisal,2000,Aman,0.0,195268.0,195268.0,0.0,7.0,12.0
Bhola,Barisal,2000,Aus,0.0,76598.0,76598.0,0.0,4.0,8.0
Bhola,Barisal,2000,Boro,16295.0,0.0,16295.0,1.0,12.0,4.0
Bhola,Barisal,2005,Aman,0.0,171430.0,171430.0,0.0,7.0,12.0
Bhola,Barisal,2005,Aus,0.0,67247.0,67247.0,0.0,4.0,8.0
Bhola,Barisal,2005,Boro,24178.0,0.0,24178.0,1.0,12.0,4.0
Bhola,Barisal,2010,Aman,0.0,188471.0,188471.0,0.0,7.0,12.0
Bhola,Barisal,2010,Aus,0.0,73932.0,73932.0,0.0,4.0,8.0
Bhola,Barisal,2010,Boro,31188.0,0.0,31188.0,1.0,12.0,4.0
Bhola,Barisal,2015,Aman,0.0,184596.0,184596.0,0.0,7.0,12.0
Bhola,Barisal,2015,Aus,0.0,72412.0,72412.0,0.0,4.0,8.0
Bhola,Barisal,2015,Boro,31188.0,0.0,31188.0,1.0,12.0,4.0
Bogra,Rajshahi,2000,Aman,21525.0,99654.0,121179.0,0.1776297873393905,7.0,11.82237021266061
Bogra,Rajshahi,2000,Aus,0.0,11746.0,11746.0,0.0,4.0,8.0
Bogra,Rajshahi,2000,Boro,112331.0,0.0,112331.0,1.0,12.0,4.0
Bogra,Rajshahi,2005,Aman,25279.0,87488.0,112767.0,0.22417019163407734,7.0,11.775829808365923
Bogra,Rajshahi,2005,Aus,0.0,10312.0,10312.0,0.0,4.0,8.0
Bogra,Rajshahi,2005,Boro,133932.0,0.0,133932.0,1.0,12.0,4.0
Bogra,Rajshahi,2010,Aman,27531.0,96185.0,123716.0,0.2225338678909761,7.0,11.777466132109025
Bogra,Rajshahi,2010,Aus,0.0,11337.0,11337.0,0.0,4.0,8.0
Bogra,Rajshahi,2010,Boro,145860.0,0.0,145860.0,1.0,12.0,4.0
Bogra,Rajshahi,2015,Aman,27531.0,94207.0,121738.0,0.22614959996057107,7.0,11.773850400039429
Bogra,Rajshahi,2015,Aus,0.0,11104.0,11104.0,0.0,4.0,8.0
Bogra,Rajshahi,2015,Boro,145860.0,0.0,145860.0,1.0,12.0,4.0
Brahmanbaria,Chittagong,2000,Aman,4612.0,34229.0,38841.0,0.11874050616616462,7.0,11.0
Brahmanbaria,Chittagong,2000,Aus,0.0,2053.0,2053.0,0.0,4.0,8.0
Brahmanbaria,Chittagong,2000,Boro,59441.0,52886.0,112327.0,0.5291782029253875,6.820960232179262,4.0
Brahmanbaria,Chittagong,2005,Aman,5417.0,30050.0,35467.0,0.15273352694053627,7.0,11.0
Brahmanbaria,Chittagong,2005,Aus,0.0,1802.0,1802.0,0.0,4.0,8.0
Brahmanbaria,Chittagong,2005,Boro,70871.0,46430.0,117301.0,0.6041806975217603,7.645987672739363,4.0
Brahmanbaria,Chittagong,2010,Aman,5899.0,33038.0,38937.0,0.15150114287181857,7.0,11.0
Brahmanbaria,Chittagong,2010,Aus,0.0,1981.0,1981.0,0.0,4.0,8.0
Brahmanbaria,Chittagong,2010,Boro,77183.0,51045.0,128228.0,0.6019200174688836,7.621120192157719,4.0
Brahmanbaria,Chittagong,2015,Aman,5899.0,32358.0,38257.0,0.15419400371173902,7.0,11.0
Brahmanbaria,Chittagong,2015,Aus,0.0,1941.0,1941.0,0.0,4.0,8.0
Brahmanbaria,Chittagong,2015,Boro,77183.0,49996.0,127179.0,0.6068847844376823,7.675732628814505,4.0
Chandpur,Chittagong,2000,Aman,0.0,22516.0,22516.0,0.0,7.0,12.0
Chandpur,Chittagong,2000,Aus,0.0,5098.0,5098.0,0.0,6.0,9.0
Chandpur,Chittagong,2000,Boro,28315.0,30092.0,58407.0,0.48478778228636976,6.332665605150067,4.0
Chandpur,Chittagong,2005,Aman,0.0,19768.0,19768.0,0.0,7.0,12.0
Chandpur,Chittagong,2005,Aus,0.0,4475.0,4475.0,0.0,6.0,9.0
Chandpur,Chittagong,2005,Boro,45705.0,26418.0,72123.0,0.6337090803211181,7.970799883532299,4.0
Chandpur,Chittagong,2010,Aman,0.0,21733.0,21733.0,0.0,7.0,12.0
Chandpur,Chittagong,2010,Aus,0.0,4920.0,4920.0,0.0,6.0,9.0
Chandpur,Chittagong,2010,Boro,49775.0,29044.0,78819.0,0.6315101688679126,7.946611857547039,4.0
Chandpur,Chittagong,2015,Aman,0.0,21286.0,21286.0,0.0,7.0,12.0
Chandpur,Chittagong,2015,Aus,0.0,4819.0,4819.0,0.0,6.0,9.0
Chandpur,Chittagong,2015,Boro,49775.0,28447.0,78222.0,0.6363299327554908,7.999629260310399,4.0
Chittagong,Chittagong,2000,Aman,3997.0,152309.0,156306.0,0.02557163512597085,7.0,11.97442836487403
Chittagong,Chittagong,2000,Aus,0.0,35722.0,35722.0,0.0,5.0,8.0
Chittagong,Chittagong,2000,Boro,39789.0,0.0,39789.0,1.0,12.0,4.0
Chittagong,Chittagong,2005,Aman,4695.0,133716.0,138411.0,0.03392071439408718,7.0,11.966079285605913
Chittagong,Chittagong,2005,Aus,0.0,31361.0,31361.0,0.0,5.0,8.0
Chittagong,Chittagong,2005,Boro,47440.0,0.0,47440.0,1.0,12.0,4.0
Chittagong,Chittagong,2010,Aman,5113.0,147008.0,152121.0,0.033611401450161386,7.0,11.96638859854984
Chittagong,Chittagong,2010,Aus,0.0,34479.0,34479.0,0.0,5.0,8.0
Chittagong,Chittagong,2010,Boro,51665.0,0.0,51665.0,1.0,12.0,4.0
Chittagong,Chittagong,2015,Aman,5113.0,143986.0,149099.0,0.03429265119149022,7.0,11.96570734880851
Chittagong,Chittagong,2015,Aus,0.0,33770.0,33770.0,0.0,5.0,8.0
Chittagong,Chittagong,2015,Boro,51665.0,0.0,51665.0,1.0,12.0,4.0
Chuadanga,Khulna,2000,Aman,32902.0,9571.0,42473.0,0.7746568408165188,7.0,11.225343159183481
Chuadanga,Khulna,2000,Aus,0.0,2588.0,2588.0,0.0,4.0,8.0
Chuadanga,Khulna,2000,Boro,25232.0,8918.0,34150.0,0.7388579795021962,9.127437774524157,4.261142020497804
Chuadanga,Khulna,2005,Aman,38641.0,8402.0,47043.0,0.8213974448908445,7.0,11.178602555109155
Chuadanga,Khulna,2005,Aus,0.0,2272.0,2272.0,0.0,4.0,8.0
Chuadanga,Khulna,2005,Boro,30084.0,7829.0,37913.0,0.7935009099781077,9.728510009759185,4.206499090021892
Chuadanga,Khulna,2010,Aman,42083.0,9238.0,51321.0,0.8199957132557822,7.0,11.180004286744218
Chuadanga,Khulna,2010,Aus,0.0,2498.0,2498.0,0.0,4.0,8.0
Chuadanga,Khulna,2010,Boro,32763.0,8607.0,41370.0,0.7919506889050036,9.71145757795504,4.208049311094997
Chuadanga,Khulna,2015,Aman,42083.0,9048.0,51131.0,0.8230427724863586,7.0,11.176957227513642
Chuadanga,Khulna,2015,Aus,0.0,2447.0,2447.0,0.0,4.0,8.0
Chuadanga,Khulna,2015,Boro,32763.0,8431.0,41194.0,0.7953342719813565,9.748676991794921,4.204665728018644
Comilla,Chittagong,2000,Aman,1845.0,98449.0,100294.0,0.018395916006939596,7.0,11.0
Comilla,Chittagong,2000,Aus,0.0,44988.0,44988.0,0.0,5.0,8.0
Comilla,Chittagong,2000,Boro,91951.0,0.0,91951.0,1.0,12.0,4.0
Comilla,Chittagong,2005,Aman,2167.0,86430.0,88597.0,0.02445906746278091,7.0,11.0
Comilla,Chittagong,2005,Aus,0.0,39496.0,39496.0,0.0,5.0,8.0
Comilla,Chittagong,2005,Boro,109633.0,0.0,109633.0,1.0,12.0,4.0
Comilla,Chittagong,2010,Aman,2360.0,95022.0,97382.0,0.02423445811340905,7.0,11.0
Comilla,Chittagong,2010,Aus,0.0,43422.0,43422.0,0.0,5.0,8.0
Comilla,Chittagong,2010,Boro,119397.0,0.0,119397.0,1.0,12.0,4.0
Comilla,Chittagong,2015,Aman,2360.0,93069.0,95429.0,0.024730427857359922,7.0,11.0
Comilla,Chittagong,2015,Aus,0.0,42529.0,42529.0,0.0,5.0,8.0
Comilla,Chittagong,2015,Boro,119397.0,0.0,119397.0,1.0,12.0,4.0
Cox'S Bazar,Chittagong,2000,Aman,0.0,53797.0,53797.0,0.0,7.0,12.0
Cox'S Bazar,Chittagong,2000,Aus,0.0,2152.0,2152.0,0.0,4.0,8.0
Cox'S Bazar,Chittagong,2000,Boro,30084.0,0.0,30084.0,1.0,12.0,4.0
Cox'S Bazar,Chittagong,2005,Aman,0.0,47230.0,47230.0,0.0,7.0,12.0
Cox'S Bazar,Chittagong,2005,Aus,0.0,1889.0,1889.0,0.0,4.0,8.0
Cox'S Bazar,Chittagong,2005,Boro,35869.0,0.0,35869.0,1.0,12.0,4.0
Cox'S Bazar,Chittagong,2010,Aman,0.0,51925.0,51925.0,0.0,7.0,12.0
Cox'S Bazar,Chittagong,2010,Aus,0.0,2077.0,2077.0,0.0,4.0,8.0
Cox'S Bazar,Chittagong,2010,Boro,39064.0,0.0,39064.0,1.0,12.0,4.0
Cox'S Bazar,Chittagong,2015,Aman,0.0,50857.0,50857.0,0.0,7.0,12.0
Cox'S Bazar,Chittagong,2015,Aus,0.0,2035.0,2035.0,0.0,4.0,8.0
Cox'S Bazar,Chittagong,2015,Boro,39064.0,0.0,39064.0,1.0,12.0,4.0
Dhaka,Dhaka,2000,Aman,1537.0,0.0,1537.0,1.0,7.0,11.0
Dhaka,Dhaka,2000,Aus,0.0,224.0,224.0,0.0,5.0,8.0
Dhaka,Dhaka,2000,Boro,27901.0,15431.0,43332.0,0.6438890427397767,8.082779470137543,4.0
Dhaka,Dhaka,2005,Aman,1806.0,0.0,1806.0,1.0,7.0,11.0
Dhaka,Dhaka,2005,Aus,0.0,197.0,197.0,0.0,5.0,8.0
Dhaka,Dhaka,2005,Boro,33266.0,13547.0,46813.0,0.710614572875056,8.816760301625617,4.0
Dhaka,Dhaka,2010,Aman,1966.0,0.0,1966.0,1.0,7.0,11.0
Dhaka,Dhaka,2010,Aus,0.0,216.0,216.0,0.0,5.0,8.0
Dhaka,Dhaka,2010,Boro,36229.0,14894.0,51123.0,0.7086634195958766,8.795297615554643,4.0
Dhaka,Dhaka,2015,Aman,1966.0,0.0,1966.0,1.0,7.0,11.0
Dhaka,Dhaka,2015,Aus,0.0,212.0,212.0,0.0,5.0,8.0
Dhaka,Dhaka,2015,Boro,36229.0,14587.0,50816.0,0.712944741813602,8.842392159949622,4.0
Dinajpur,Rangpur,2000,Aman,54427.0,0.0,54427.0,1.0,7.0,11.0
Dinajpur,Rangpur,2000,Aus,0.0,2620.0,2620.0,0.0,6.0,9.0
Dinajpur,Rangpur,2000,Boro,103840.0,0.0,103840.0,1.0,12.0,4.0
Dinajpur,Rangpur,2005,Aman,63921.0,0.0,63921.0,1.0,7.0,11.0
Dinajpur,Rangpur,2005,Aus,0.0,2300.0,2300.0,0.0,6.0,9.0
Dinajpur,Rangpur,2005,Boro,123807.0,0.0,123807.0,1.0,12.0,4.0
Dinajpur,Rangpur,2010,Aman,69613.0,0.0,69613.0,1.0,7.0,11.0
Dinajpur,Rangpur,2010,Aus,0.0,2529.0,2529.0,0.0,6.0,9.0
Dinajpur,Rangpur,2010,Boro,134834.0,0.0,134834.0,1.0,12.0,4.0
Dinajpur,Rangpur,2015,Aman,69613.0,0.0,69613.0,1.0,7.0,11.0
Dinajpur,Rangpur,2015,Aus,0.0,2477.0,2477.0,0.0,6.0,9.0
Dinajpur,Rangpur,2015,Boro,134834.0,0.0,134834.0,1.0,12.0,4.0
Faridpur,Dhaka,2000,Aman,14760.0,31040.0,45800.0,0.3222707423580786,7.0,11.677729257641921
Faridpur,Dhaka,2000,Aus,0.0,5491.0,5491.0,0.0,5.0,8.0
Faridpur,Dhaka,2000,Boro,17226.0,20391.0,37617.0,0.4579312544860037,6.03724379934604,4.0
Faridpur,Dhaka,2005,Aman,17334.0,27251.0,44585.0,0.3887854659638892,7.0,11.61121453403611
Faridpur,Dhaka,2005,Aus,0.0,4821.0,4821.0,0.0,5.0,8.0
Faridpur,Dhaka,2005,Boro,20538.0,17902.0,38440.0,0.5342872008324662,6.877159209157128,4.0
Faridpur,Dhaka,2010,Aman,18878.0,29959.0,48837.0,0.3865511804574401,7.0,11.61344881954256
Faridpur,Dhaka,2010,Aus,0.0,5300.0,5300.0,0.0,5.0,8.0
Faridpur,Dhaka,2010,Boro,22367.0,19682.0,42049.0,0.5319270375038645,6.85119741254251,4.0
Faridpur,Dhaka,2015,Aman,18878.0,29344.0,48222.0,0.3914810667330264,7.0,11.608518933266973
Faridpur,Dhaka,2015,Aus,0.0,5191.0,5191.0,0.0,5.0,8.0
Faridpur,Dhaka,2015,Boro,22367.0,19277.0,41644.0,0.5371001824992796,6.908102007492076,4.0
Feni,Chittagong,2000,Aman,615.0,56216.0,56831.0,0.010821558656367124,7.0,11.989178441343633
Feni,Chittagong,2000,Aus,0.0,10481.0,10481.0,0.0,5.0,8.0
Feni,Chittagong,2000,Boro,17711.0,28585.0,46296.0,0.3825600483843097,5.2081605322274065,4.61743995161569
Feni,Chittagong,2005,Aman,722.0,49353.0,50075.0,0.014418372441337993,7.0,11.985581627558663
Feni,Chittagong,2005,Aus,0.0,9201.0,9201.0,0.0,5.0,8.0
Feni,Chittagong,2005,Boro,21117.0,25095.0,46212.0,0.4569592313684757,6.026551545053233,4.543040768631524
Feni,Chittagong,2010,Aman,787.0,54259.0,55046.0,0.01429713330668895,7.0,11.98570286669331
Feni,Chittagong,2010,Aus,0.0,10116.0,10116.0,0.0,5.0,8.0
Feni,Chittagong,2010,Boro,22997.0,27590.0,50587.0,0.4546029612350999,6.000632573586099,4.5453970387649
Feni,Chittagong,2015,Aman,787.0,53143.0,53930.0,0.01459299091414797,7.0,11.985407009085852
Feni,Chittagong,2015,Aus,0.0,9908.0,9908.0,0.0,5.0,8.0
Feni,Chittagong,2015,Boro,22997.0,27022.0,50019.0,0.4597652891901078,6.057418181091185,4.540234710809893
Gaibandha,Rangpur,2000,Aman,12915.0,73663.0,86578.0,0.1491718450414655,7.850828154958535,11.850828154958535
Gaibandha,Rangpur,2000,Aus,0.0,1398.0,1398.0,0.0,5.0,8.0
Gaibandha,Rangpur,2000,Boro,69873.0,0.0,69873.0,1.0,12.0,4.0
Gaibandha,Rangpur,2005,Aman,15168.0,64670.0,79838.0,0.18998471905608857,7.810015280943912,11.810015280943912
Gaibandha,Rangpur,2005,Aus,0.0,1227.0,1227.0,0.0,5.0,8.0
Gaibandha,Rangpur,2005,Boro,83310.0,0.0,83310.0,1.0,12.0,4.0
Gaibandha,Rangpur,2010,Aman,16518.0,71099.0,87617.0,0.18852505792254928,7.81147494207745,11.811474942077451
Gaibandha,Rangpur,2010,Aus,0.0,1349.0,1349.0,0.0,5.0,8.0
Gaibandha,Rangpur,2010,Boro,90729.0,0.0,90729.0,1.0,12.0,4.0
Gaibandha,Rangpur,2015,Aman,16518.0,69637.0,86155.0,0.19172421797922348,7.808275782020776,11.808275782020777
Gaibandha,Rangpur,2015,Aus,0.0,1322.0,1322.0,0.0,5.0,8.0
Gaibandha,Rangpur,2015,Boro,90729.0,0.0,90729.0,1.0,12.0,4.0
Gazipur,Dhaka,2000,Aman,6150.0,16657.0,22807.0,0.26965405358004124,7.0,11.730345946419959
Gazipur,Dhaka,2000,Aus,0.0,885.0,885.0,0.0,5.0,8.0
Gazipur,Dhaka,2000,Boro,36878.0,22411.0,59289.0,0.622004081701496,7.842044898716456,4.0
Gazipur,Dhaka,2005,Aman,7223.0,14624.0,21847.0,0.3306174760836728,7.0,11.669382523916328
Gazipur,Dhaka,2005,Aus,0.0,777.0,777.0,0.0,5.0,8.0
Gazipur,Dhaka,2005,Boro,43969.0,19675.0,63644.0,0.6908585255483628,8.59944378103199,4.0
Gazipur,Dhaka,2010,Aman,7866.0,16077.0,23943.0,0.3285302593659942,7.0,11.671469740634006
Gazipur,Dhaka,2010,Aus,0.0,854.0,854.0,0.0,5.0,8.0
Gazipur,Dhaka,2010,Boro,47885.0,21631.0,69516.0,0.6888342252143391,8.57717647735773,4.0
Gazipur,Dhaka,2015,Aman,7866.0,15747.0,23613.0,0.3331215855672723,7.0,11.666878414432727
Gazipur,Dhaka,2015,Aus,0.0,837.0,837.0,0.0,5.0,8.0
Gazipur,Dhaka,2015,Boro,47885.0,21186.0,69071.0,0.6932721402614701,8.62599354287617,4.0
Gopalgonj,Dhaka,2000,Aman,2152.0,9268.0,11420.0,0.1884413309982487,7.0,11.811558669001752
Gopalgonj,Dhaka,2000,Aus,0.0,972.0,972.0,0.0,5.0,8.0
Gopalgonj,Dhaka,2000,Boro,45612.0,19162.0,64774.0,0.7041714268070522,8.745885694877574,4.0
Gopalgonj,Dhaka,2005,Aman,2528.0,8137.0,10665.0,0.23703703703703705,7.0,11.762962962962963
Gopalgonj,Dhaka,2005,Aus,0.0,853.0,853.0,0.0,5.0,8.0
Gopalgonj,Dhaka,2005,Boro,54383.0,16822.0,71205.0,0.7637525454673126,9.40127800014044,4.0
Gopalgonj,Dhaka,2010,Aman,2753.0,8946.0,11699.0,0.23531925805624412,7.0,11.764680741943756
Gopalgonj,Dhaka,2010,Aus,0.0,938.0,938.0,0.0,5.0,8.0
Gopalgonj,Dhaka,2010,Boro,59226.0,18495.0,77721.0,0.762033427259042,9.382367699849462,4.0
Gopalgonj,Dhaka,2015,Aman,2753.0,8762.0,11515.0,0.2390794615718628,7.0,11.760920538428136
Gopalgonj,Dhaka,2015,Aus,0.0,919.0,919.0,0.0,5.0,8.0
Gopalgonj,Dhaka,2015,Boro,59226.0,18115.0,77341.0,0.7657775306758382,9.42355283743422,4.0
Hobigonj,Sylhet,2000,Aman,4305.0,125030.0,129335.0,0.03328565353539258,7.966714346464608,11.966714346464608
Hobigonj,Sylhet,2000,Aus,0.0,25785.0,25785.0,0.0,5.0,8.0
Hobigonj,Sylhet,2000,Boro,46340.0,0.0,46340.0,1.0,12.0,4.0
Hobigonj,Sylhet,2005,Aman,5056.0,109767.0,114823.0,0.04403298990620346,7.955967010093796,11.955967010093797
Hobigonj,Sylhet,2005,Aus,0.0,22637.0,22637.0,0.0,5.0,8.0
Hobigonj,Sylhet,2005,Boro,55250.0,0.0,55250.0,1.0,12.0,4.0
Hobigonj,Sylhet,2010,Aman,5506.0,120679.0,126185.0,0.04363434639616436,7.956365653603836,11.956365653603836
Hobigonj,Sylhet,2010,Aus,0.0,24887.0,24887.0,0.0,5.0,8.0
Hobigonj,Sylhet,2010,Boro,60171.0,0.0,60171.0,1.0,12.0,4.0
Hobigonj,Sylhet,2015,Aman,5506.0,118198.0,123704.0,0.04450947422880424,7.955490525771196,11.955490525771197
Hobigonj,Sylhet,2015,Aus,0.0,24376.0,24376.0,0.0,5.0,8.0
Hobigonj,Sylhet,2015,Boro,60171.0,0.0,60171.0,1.0,12.0,4.0
Jamalpur,Dhaka,2010,Aman,19272.0,41329.0,60601.0,0.31801455421527697,7.681985445784723,11.681985445784724
Jamalpur,Dhaka,2010,Aus,0.0,506.0,506.0,0.0,5.0,8.0
Jamalpur,Dhaka,2010,Boro,97345.0,0.0,97345.0,1.0,12.0,4.0
Jamalpur,Mymensingh,2000,Aman,15067.0,42819.0,57886.0,0.26028746156238125,7.739712538437619,11.739712538437619
Jamalpur,Mymensingh,2000,Aus,0.0,524.0,524.0,0.0,5.0,8.0
Jamalpur,Mymensingh,2000,Boro,74968.0,0.0,74968.0,1.0,12.0,4.0
Jamalpur,Mymensingh,2005,Aman,17696.0,37592.0,55288.0,0.3200694544928375,7.679930545507163,11.679930545507162
Jamalpur,Mymensingh,2005,Aus,0.0,460.0,460.0,0.0,5.0,8.0
Jamalpur,Mymensingh,2005,Boro,84862.0,0.0,84862.0,1.0,12.0,4.0
Jamalpur,Mymensingh,2010,Aus,0.0,0.0,0.0,0.0,,
Jamalpur,Mymensingh,2015,Aman,19272.0,40479.0,59751.0,0.3225385349199177,7.677461465080082,11.677461465080082
Jamalpur,Mymensingh,2015,Aus,0.0,495.0,495.0,0.0,5.0,8.0
Jamalpur,Mymensingh,2015,Boro,97345.0,0.0,97345.0,1.0,12.0,4.0
Jessore,Khulna,2000,Aman,43357.0,56900.0,100257.0,0.4324585814456846,7.0,11.567541418554315
Jessore,Khulna,2000,Aus,0.0,16624.0,16624.0,0.0,5.0,8.0
Jessore,Khulna,2000,Boro,85886.0,64334.0,150220.0,0.5717347889761683,7.289082678737851,4.428265211023832
Jessore,Khulna,2005,Aman,50920.0,49954.0,100874.0,0.5047881515554058,7.0,11.495211848444594
Jessore,Khulna,2005,Aus,0.0,14594.0,14594.0,0.0,5.0,8.0
Jessore,Khulna,2005,Boro,102401.0,56480.0,158881.0,0.6445138185182621,8.089652003700882,4.355486181481738
Jessore,Khulna,2010,Aman,55455.0,54919.0,110374.0,0.5024281080689292,7.0,11.49757189193107
Jessore,Khulna,2010,Aus,0.0,16045.0,16045.0,0.0,5.0,8.0
Jessore,Khulna,2010,Boro,111521.0,62095.0,173616.0,0.642342871624735,8.065771587872085,4.357657128375265
Jessore,Khulna,2015,Aman,55455.0,53790.0,109245.0,0.5076204860634353,7.0,11.492379513936564
Jessore,Khulna,2015,Aus,0.0,15715.0,15715.0,0.0,5.0,8.0
Jessore,Khulna,2015,Boro,111521.0,60818.0,172339.0,0.6471025130701699,8.118127643771869,4.35289748692983
Jhalakathi,Barisal,2000,Aman,307.0,43289.0,43596.0,0.007041930452335077,7.0,11.992958069547665
Jhalakathi,Barisal,2000,Aus,0.0,21835.0,21835.0,0.0,5.0,8.0
Jhalakathi,Barisal,2000,Boro,4891.0,0.0,4891.0,1.0,12.0,4.0
Jhalakathi,Barisal,2005,Aman,361.0,38004.0,38365.0,0.009409618141535254,7.0,11.990590381858464
Jhalakathi,Barisal,2005,Aus,0.0,19169.0,19169.0,0.0,5.0,8.0
Jhalakathi,Barisal,2005,Boro,5617.0,0.0,5617.0,1.0,12.0,4.0
Jhalakathi,Barisal,2010,Aman,393.0,41782.0,42175.0,0.00931831653823355,7.0,11.990681683461766
Jhalakathi,Barisal,2010,Aus,0.0,21075.0,21075.0,0.0,5.0,8.0
Jhalakathi,Barisal,2010,Boro,7246.0,0.0,7246.0,1.0,12.0,4.0
Jhalakathi,Barisal,2015,Aman,393.0,40923.0,41316.0,0.009512053441765901,7.0,11.990487946558234
Jhalakathi,Barisal,2015,Aus,0.0,20641.0,20641.0,0.0,5.0,8.0
Jhalakathi,Barisal,2015,Boro,7246.0,0.0,7246.0,1.0,12.0,4.0
Jhenaidah,Khulna,2000,Aman,43050.0,34431.0,77481.0,0.5556200875053239,7.0,11.444379912494677
Jhenaidah,Khulna,2000,Aus,0.0,10576.0,10576.0,0.0,4.0,8.0
Jhenaidah,Khulna,2000,Boro,41973.0,0.0,41973.0,1.0,12.0,4.0
Jhenaidah,Khulna,2005,Aman,50559.0,30228.0,80787.0,0.6258308886330721,7.0,11.374169111366928
Jhenaidah,Khulna,2005,Aus,0.0,9285.0,9285.0,0.0,4.0,8.0
Jhenaidah,Khulna,2005,Boro,50044.0,0.0,50044.0,1.0,12.0,4.0
Jhenaidah,Khulna,2010,Aman,55062.0,33233.0,88295.0,0.6236140211790022,7.0,11.376385978820998
Jhenaidah,Khulna,2010,Aus,0.0,10207.0,10207.0,0.0,4.0,8.0
Jhenaidah,Khulna,2010,Boro,54501.0,0.0,54501.0,1.0,12.0,4.0
Jhenaidah,Khulna,2015,Aman,55062.0,32549.0,87611.0,0.6284827247720035,7.0,11.371517275227996
Jhenaidah,Khulna,2015,Aus,0.0,9998.0,9998.0,0.0,4.0,8.0
Jhenaidah,Khulna,2015,Boro,54501.0,0.0,54501.0,1.0,12.0,4.0
Joypurhat,Rajshahi,2000,Aman,5227.0,35151.0,40378.0,0.12945168160879686,7.8705483183912035,11.870548318391203
Joypurhat,Rajshahi,2000,Aus,0.0,4143.0,4143.0,0.0,5.0,8.0
Joypurhat,Rajshahi,2000,Boro,41973.0,0.0,41973.0,1.0,12.0,4.0
Joypurhat,Rajshahi,2005,Aman,6139.0,30860.0,36999.0,0.1659234033352253,7.834076596664775,11.834076596664774
Joypurhat,Rajshahi,2005,Aus,0.0,3637.0,3637.0,0.0,5.0,8.0
Joypurhat,Rajshahi,2005,Boro,50044.0,0.0,50044.0,1.0,12.0,4.0
Joypurhat,Rajshahi,2010,Aman,6686.0,33928.0,40614.0,0.16462303639139214,7.835376963608608,11.835376963608608
Joypurhat,Rajshahi,2010,Aus,0.0,3999.0,3999.0,0.0,5.0,8.0
Joypurhat,Rajshahi,2010,Boro,54501.0,0.0,54501.0,1.0,12.0,4.0
Joypurhat,Rajshahi,2015,Aman,6686.0,33230.0,39916.0,0.16750175368273373,7.832498246317266,11.832498246317266
Joypurhat,Rajshahi,2015,Aus,0.0,3917.0,3917.0,0.0,5.0,8.0
Joypurhat,Rajshahi,2015,Boro,54501.0,0.0,54501.0,1.0,12.0,4.0
Khagrachhari,Chittagong,2000,Aman,3690.0,21904.0,25594.0,0.14417441587872157,7.0,11.855825584121279
Khagrachhari,Chittagong,2000,Aus,0.0,1710.0,1710.0,0.0,5.0,8.0
Khagrachhari,Chittagong,2000,Boro,6065.0,0.0,6065.0,1.0,12.0,4.0
Khagrachhari,Chittagong,2005,Aman,4334.0,19230.0,23564.0,0.1839246307927347,7.0,11.816075369207265
Khagrachhari,Chittagong,2005,Aus,0.0,1501.0,1501.0,0.0,5.0,8.0
Khagrachhari,Chittagong,2005,Boro,7232.0,0.0,7232.0,1.0,12.0,4.0
Khagrachhari,Chittagong,2010,Aman,4720.0,21142.0,25862.0,0.18250715335240894,7.0,11.81749284664759
Khagrachhari,Chittagong,2010,Aus,0.0,1650.0,1650.0,0.0,5.0,8.0
Khagrachhari,Chittagong,2010,Boro,7876.0,0.0,7876.0,1.0,12.0,4.0
Khagrachhari,Chittagong,2015,Aman,4720.0,20707.0,25427.0,0.18562944901089393,7.0,11.814370550989105
Khagrachhari,Chittagong,2015,Aus,0.0,1616.0,1616.0,0.0,5.0,8.0
Khagrachhari,Chittagong,2015,Boro,7876.0,0.0,7876.0,1.0,12.0,4.0
Khulna,Khulna,2000,Aman,922.0,73994.0,74916.0,0.012307117304714614,7.987692882695286,11.987692882695285
Khulna,Khulna,2000,Aus,0.0,5506.0,5506.0,0.0,4.0,8.0
Khulna,Khulna,2000,Boro,31540.0,39427.0,70967.0,0.444431919060972,5.888751109670692,4.555568080939028
Khulna,Khulna,2005,Aman,1083.0,64961.0,66044.0,0.016398158803222096,7.983601841196778,11.983601841196778
Khulna,Khulna,2005,Aus,0.0,4834.0,4834.0,0.0,4.0,8.0
Khulna,Khulna,2005,Boro,37605.0,34614.0,72219.0,0.52070784696548,6.72778631662028,4.47929215303452
Khulna,Khulna,2010,Aman,1180.0,71418.0,72598.0,0.016253891291771124,7.983746108708229,11.983746108708228
Khulna,Khulna,2010,Aus,0.0,5315.0,5315.0,0.0,4.0,8.0
Khulna,Khulna,2010,Boro,40954.0,38055.0,79009.0,0.5183460112139123,6.701806123353036,4.481653988786087
Khulna,Khulna,2015,Aman,1180.0,69950.0,71130.0,0.016589343455644594,7.983410656544355,11.983410656544356
Khulna,Khulna,2015,Aus,0.0,5205.0,5205.0,0.0,4.0,8.0
Khulna,Khulna,2015,Boro,40954.0,37273.0,78227.0,0.5235276822580439,6.758804504838483,4.4764723177419565
Kishoreganj,Dhaka,2000,Aman,2767.0,37137.0,39904.0,0.06934141940657579,7.930658580593424,11.930658580593425
Kishoreganj,Dhaka,2000,Aus,0.0,10174.0,10174.0,0.0,4.0,8.0
Kishoreganj,Dhaka,2000,Boro,95591.0,85466.0,181057.0,0.527960807922367,6.8075688871460365,4.4720391920776335
Kishoreganj,Dhaka,2005,Aman,3250.0,32604.0,35854.0,0.09064539521392313,7.909354604786077,11.909354604786078
Kishoreganj,Dhaka,2005,Aus,0.0,8932.0,8932.0,0.0,4.0,8.0
Kishoreganj,Dhaka,2005,Boro,113972.0,75032.0,189004.0,0.6030136928318978,7.633150621150875,4.396986307168103
Kishoreganj,Dhaka,2010,Aman,3540.0,35845.0,39385.0,0.089881934746731,7.910118065253269,11.910118065253268
Kishoreganj,Dhaka,2010,Aus,0.0,9820.0,9820.0,0.0,4.0,8.0
Kishoreganj,Dhaka,2010,Boro,124123.0,82491.0,206614.0,0.6007482552005189,7.608230807205707,4.399251744799481
Kishoreganj,Dhaka,2015,Aman,3540.0,35108.0,38648.0,0.09159594286897123,7.908404057131029,11.908404057131028
Kishoreganj,Dhaka,2015,Aus,0.0,9618.0,9618.0,0.0,4.0,8.0
Kishoreganj,Dhaka,2015,Boro,124123.0,80795.0,204918.0,0.605720336915254,7.662923706067793,4.394279663084746
Kurigram,Rangpur,2000,Aman,4305.0,65532.0,69837.0,0.06164354138923493,7.0,11.938356458610764
Kurigram,Rangpur,2000,Aus,0.0,0.0,0.0,0.0,,
Kurigram,Rangpur,2000,Boro,58228.0,0.0,58228.0,1.0,12.0,4.0
Kurigram,Rangpur,2005,Aman,5056.0,57532.0,62588.0,0.08078225857991947,7.0,11.91921774142008
Kurigram,Rangpur,2005,Aus,0.0,0.0,0.0,0.0,,
Kurigram,Rangpur,2005,Boro,69425.0,0.0,69425.0,1.0,12.0,4.0
Kurigram,Rangpur,2010,Aman,5506.0,63251.0,68757.0,0.08007911921695246,7.0,11.919920880783048
Kurigram,Rangpur,2010,Aus,0.0,0.0,0.0,0.0,,
Kurigram,Rangpur,2010,Boro,75608.0,0.0,75608.0,1.0,12.0,4.0
Kurigram,Rangpur,2015,Aman,5506.0,61951.0,67457.0,0.08162236684109878,7.0,11.9183776331589
Kurigram,Rangpur,2015,Aus,0.0,0.0,0.0,0.0,,
Kurigram,Rangpur,2015,Boro,75608.0,0.0,75608.0,1.0,12.0,4.0
Kushtia,Khulna,2000,Aman,56580.0,25702.0,82282.0,0.6876352057558154,7.0,11.312364794244184
Kushtia,Khulna,2000,Aus,0.0,13807.0,13807.0,0.0,4.0,8.0
Kushtia,Khulna,2000,Boro,18681.0,10928.0,29609.0,0.6309230301597487,7.940153331757236,4.369076969840251
Kushtia,Khulna,2005,Aman,66449.0,22564.0,89013.0,0.7465089368968577,7.0,11.253491063103143
Kushtia,Khulna,2005,Aus,0.0,12122.0,12122.0,0.0,4.0,8.0
Kushtia,Khulna,2005,Boro,22274.0,9594.0,31868.0,0.6989456508095896,8.688402158905484,4.3010543491904105
Kushtia,Khulna,2010,Aman,72367.0,24807.0,97174.0,0.744715664683969,7.0,11.25528433531603
Kushtia,Khulna,2010,Aus,0.0,13327.0,13327.0,0.0,4.0,8.0
Kushtia,Khulna,2010,Boro,24257.0,10548.0,34805.0,0.6969400948139635,8.666341042953599,4.3030599051860365
Kushtia,Khulna,2015,Aman,72367.0,24297.0,96664.0,0.748644790201109,7.0,11.251355209798891
Kushtia,Khulna,2015,Aus,0.0,13053.0,13053.0,0.0,4.0,8.0
Kushtia,Khulna,2015,Boro,24257.0,10331.0,34588.0,0.7013125939632242,8.714438533595466,4.298687406036776
Lakshmipur,Chittagong,2000,Aman,0.0,66094.0,66094.0,0.0,7.0,12.0
Lakshmipur,Chittagong,2000,Aus,0.0,25360.0,25360.0,0.0,5.0,8.0
Lakshmipur,Chittagong,2000,Boro,10600.0,22045.0,32645.0,0.3247051615867667,4.571756777454434,4.675294838413233
Lakshmipur,Chittagong,2005,Aman,0.0,58025.0,58025.0,0.0,7.0,12.0
Lakshmipur,Chittagong,2005,Aus,0.0,22264.0,22264.0,0.0,5.0,8.0
Lakshmipur,Chittagong,2005,Boro,32109.0,19354.0,51463.0,0.6239239842216738,7.863163826438412,4.3760760157783265
Lakshmipur,Chittagong,2010,Aman,0.0,63793.0,63793.0,0.0,7.0,12.0
Lakshmipur,Chittagong,2010,Aus,0.0,24478.0,24478.0,0.0,5.0,8.0
Lakshmipur,Chittagong,2010,Boro,34969.0,21278.0,56247.0,0.6217042686721069,7.838746955393177,4.378295731327893
Lakshmipur,Chittagong,2015,Aman,0.0,62482.0,62482.0,0.0,7.0,12.0
Lakshmipur,Chittagong,2015,Aus,0.0,23974.0,23974.0,0.0,5.0,8.0
Lakshmipur,Chittagong,2015,Boro,34969.0,20840.0,55809.0,0.6265835259545951,7.8924187855005465,4.3734164740454045
Lalmonirhat,Rangpur,2000,Aman,7687.0,51400.0,59087.0,0.13009629867822026,7.0,11.86990370132178
Lalmonirhat,Rangpur,2000,Aus,0.0,0.0,0.0,0.0,,
Lalmonirhat,Rangpur,2000,Boro,31055.0,0.0,31055.0,1.0,12.0,4.0
Lalmonirhat,Rangpur,2005,Aman,9028.0,45125.0,54153.0,0.1667128321607298,7.0,11.83328716783927
Lalmonirhat,Rangpur,2005,Aus,0.0,0.0,0.0,0.0,,
Lalmonirhat,Rangpur,2005,Boro,37026.0,0.0,37026.0,1.0,12.0,4.0
Lalmonirhat,Rangpur,2010,Aman,9832.0,49611.0,59443.0,0.16540214995878405,7.0,11.834597850041217
Lalmonirhat,Rangpur,2010,Aus,0.0,0.0,0.0,0.0,,
Lalmonirhat,Rangpur,2010,Boro,40324.0,0.0,40324.0,1.0,12.0,4.0
Lalmonirhat,Rangpur,2015,Aman,9832.0,48591.0,58423.0,0.1682898858326344,7.0,11.831710114167366
Lalmonirhat,Rangpur,2015,Aus,0.0,0.0,0.0,0.0,,
Lalmonirhat,Rangpur,2015,Boro,40324.0,0.0,40324.0,1.0,12.0,4.0
Madaripur,Dhaka,2000,Aman,1537.0,15906.0,17443.0,0.08811557644900533,7.0,11.911884423550994
Madaripur,Dhaka,2000,Aus,0.0,1510.0,1510.0,0.0,4.0,8.0
Madaripur,Dhaka,2000,Boro,18439.0,23360.0,41799.0,0.4411349553817077,5.852484509198785,4.0
Madaripur,Dhaka,2005,Aman,1806.0,13965.0,15771.0,0.11451398135818908,7.0,11.88548601864181
Madaripur,Dhaka,2005,Aus,0.0,1325.0,1325.0,0.0,4.0,8.0
Madaripur,Dhaka,2005,Boro,21984.0,20508.0,42492.0,0.5173679751482632,6.691047726630895,4.0
Madaripur,Dhaka,2010,Aman,1966.0,15353.0,17319.0,0.1135169467059299,7.0,11.88648305329407
Madaripur,Dhaka,2010,Aus,0.0,1457.0,1457.0,0.0,4.0,8.0
Madaripur,Dhaka,2010,Boro,23942.0,22547.0,46489.0,0.5150035492266988,6.665039041493687,4.0
Madaripur,Dhaka,2015,Aman,1966.0,15037.0,17003.0,0.1156266541198612,7.0,11.884373345880139
Madaripur,Dhaka,2015,Aus,0.0,1427.0,1427.0,0.0,4.0,8.0
Madaripur,Dhaka,2015,Boro,23942.0,22083.0,46025.0,0.520195545898968,6.722151004888648,4.0
Magura,Khulna,2000,Aman,22755.0,20681.0,43436.0,0.5238742057279676,7.476125794272033,11.476125794272033
Magura,Khulna,2000,Aus,0.0,3960.0,3960.0,0.0,5.0,8.0
Magura,Khulna,2000,Boro,20622.0,0.0,20622.0,1.0,12.0,4.0
Magura,Khulna,2005,Aman,26724.0,18157.0,44881.0,0.5954412780463894,7.40455872195361,11.404558721953611
Magura,Khulna,2005,Aus,0.0,3477.0,3477.0,0.0,5.0,8.0
Magura,Khulna,2005,Boro,24588.0,0.0,24588.0,1.0,12.0,4.0
Magura,Khulna,2010,Aman,29104.0,19961.0,49065.0,0.5931723224294303,7.406827677570569,11.40682767757057
Magura,Khulna,2010,Aus,0.0,3822.0,3822.0,0.0,5.0,8.0
Magura,Khulna,2010,Boro,26778.0,0.0,26778.0,1.0,12.0,4.0
Magura,Khulna,2015,Aman,29104.0,19551.0,48655.0,0.598170794368513,7.401829205631487,11.401829205631486
Magura,Khulna,2015,Aus,0.0,3744.0,3744.0,0.0,5.0,8.0
Magura,Khulna,2015,Boro,26778.0,0.0,26778.0,1.0,12.0,4.0
Manikgonj,Dhaka,2000,Aman,4920.0,0.0,4920.0,1.0,7.0,11.0
Manikgonj,Dhaka,2000,Aus,0.0,0.0,0.0,0.0,,
Manikgonj,Dhaka,2000,Boro,28386.0,0.0,28386.0,1.0,12.0,4.0
Manikgonj,Dhaka,2005,Aman,5778.0,0.0,5778.0,1.0,7.0,11.0
Manikgonj,Dhaka,2005,Aus,0.0,0.0,0.0,0.0,,
Manikgonj,Dhaka,2005,Boro,33844.0,0.0,33844.0,1.0,12.0,4.0
Manikgonj,Dhaka,2010,Aman,6293.0,0.0,6293.0,1.0,7.0,11.0
Manikgonj,Dhaka,2010,Aus,0.0,0.0,0.0,0.0,,
Manikgonj,Dhaka,2010,Boro,36859.0,0.0,36859.0,1.0,12.0,4.0
Manikgonj,Dhaka,2015,Aman,6293.0,0.0,6293.0,1.0,7.0,11.0
Manikgonj,Dhaka,2015,Aus,0.0,0.0,0.0,0.0,,
Manikgonj,Dhaka,2015,Boro,36859.0,0.0,36859.0,1.0,12.0,4.0
Maulavibazar,Sylhet,2000,Aman,0.0,109650.0,109650.0,0.0,8.0,12.0
Maulavibazar,Sylhet,2000,Aus,0.0,22613.0,22613.0,0.0,5.0,8.0
Maulavibazar,Sylhet,2000,Boro,22078.0,0.0,22078.0,1.0,12.0,4.0
Maulavibazar,Sylhet,2005,Aman,0.0,96264.0,96264.0,0.0,8.0,12.0
Maulavibazar,Sylhet,2005,Aus,0.0,19852.0,19852.0,0.0,5.0,8.0
Maulavibazar,Sylhet,2005,Boro,26323.0,0.0,26323.0,1.0,12.0,4.0
Maulavibazar,Sylhet,2010,Aman,0.0,105833.0,105833.0,0.0,8.0,12.0
Maulavibazar,Sylhet,2010,Aus,0.0,21826.0,21826.0,0.0,5.0,8.0
Maulavibazar,Sylhet,2010,Boro,28668.0,0.0,28668.0,1.0,12.0,4.0
Maulavibazar,Sylhet,2015,Aman,0.0,103657.0,103657.0,0.0,8.0,12.0
Maulavibazar,Sylhet,2015,Aus,0.0,21377.0,21377.0,0.0,5.0,8.0
Maulavibazar,Sylhet,2015,Boro,28668.0,0.0,28668.0,1.0,12.0,4.0
Meherpur,Khulna,2000,Aman,18450.0,6573.0,25023.0,0.7373216640690564,7.0,11.262678335930943
Meherpur,Khulna,2000,Aus,0.0,1705.0,1705.0,0.0,4.0,8.0
Meherpur,Khulna,2000,Boro,10190.0,6705.0,16895.0,0.603137022787807,12.0,4.0
Meherpur,Khulna,2005,Aman,21668.0,5771.0,27439.0,0.7896789241590437,7.0,11.210321075840957
Meherpur,Khulna,2005,Aus,0.0,1497.0,1497.0,0.0,4.0,8.0
Meherpur,Khulna,2005,Boro,12149.0,5887.0,18036.0,0.6735972499445554,12.0,4.0
Meherpur,Khulna,2010,Aman,23598.0,6344.0,29942.0,0.7881237058312738,7.0,11.211876294168727
Meherpur,Khulna,2010,Aus,0.0,1645.0,1645.0,0.0,4.0,8.0
Meherpur,Khulna,2010,Boro,13231.0,6472.0,19703.0,0.6715221032330102,12.0,4.0
Meherpur,Khulna,2015,Aman,23598.0,6214.0,29812.0,0.7915604454582047,7.0,11.208439554541796
Meherpur,Khulna,2015,Aus,0.0,1612.0,1612.0,0.0,4.0,8.0
Meherpur,Khulna,2015,Boro,13231.0,6339.0,19570.0,0.6760858456821666,12.0,4.0
Munsigonj,Dhaka,2000,Aman,0.0,11173.0,11173.0,0.0,7.0,12.0
Munsigonj,Dhaka,2000,Aus,0.0,554.0,554.0,0.0,5.0,8.0
Munsigonj,Dhaka,2000,Boro,13344.0,16128.0,29472.0,0.4527687296416938,5.980456026058632,4.0
Munsigonj,Dhaka,2005,Aman,0.0,9809.0,9809.0,0.0,7.0,12.0
Munsigonj,Dhaka,2005,Aus,0.0,486.0,486.0,0.0,5.0,8.0
Munsigonj,Dhaka,2005,Boro,15910.0,14159.0,30069.0,0.5291163656922412,6.820280022614653,4.0
Munsigonj,Dhaka,2010,Aman,0.0,10784.0,10784.0,0.0,7.0,12.0
Munsigonj,Dhaka,2010,Aus,0.0,534.0,534.0,0.0,5.0,8.0
Munsigonj,Dhaka,2010,Boro,17327.0,15567.0,32894.0,0.5267525992582234,6.794278591840457,4.0
Munsigonj,Dhaka,2015,Aman,0.0,10563.0,10563.0,0.0,7.0,12.0
Munsigonj,Dhaka,2015,Aus,0.0,523.0,523.0,0.0,5.0,8.0
Munsigonj,Dhaka,2015,Boro,17327.0,15247.0,32574.0,0.5319273039847732,6.851200343832504,4.0
Mymensingh,Dhaka,2010,Aman,5899.0,148537.0,154436.0,0.03819705250071227,7.9618029474992875,11.961802947499288
Mymensingh,Dhaka,2010,Aus,0.0,1818.0,1818.0,0.0,5.0,8.0
Mymensingh,Dhaka,2010,Boro,201620.0,0.0,201620.0,1.0,12.0,4.0
Mymensingh,Mymensingh,2000,Aman,4612.0,153894.0,158506.0,0.029096690346106773,7.9709033096538935,11.970903309653893
Mymensingh,Mymensingh,2000,Aus,0.0,1883.0,1883.0,0.0,5.0,8.0
Mymensingh,Mymensingh,2000,Boro,155274.0,0.0,155274.0,1.0,12.0,4.0
Mymensingh,Mymensingh,2005,Aman,5417.0,135107.0,140524.0,0.03854857533232758,7.961451424667673,11.961451424667672
Mymensingh,Mymensingh,2005,Aus,0.0,1653.0,1653.0,0.0,5.0,8.0
Mymensingh,Mymensingh,2005,Boro,172356.0,0.0,172356.0,1.0,12.0,4.0
Mymensingh,Mymensingh,2010,Aus,0.0,0.0,0.0,0.0,,
Mymensingh,Mymensingh,2015,Aman,5899.0,145483.0,151382.0,0.038967644766220555,7.96103235523378,11.96103235523378
Mymensingh,Mymensingh,2015,Aus,0.0,1780.0,1780.0,0.0,5.0,8.0
Mymensingh,Mymensingh,2015,Boro,201620.0,0.0,201620.0,1.0,12.0,4.0
Narail,Khulna,2000,Aman,9840.0,15558.0,25398.0,0.38743208126624146,7.0,11.612567918733758
Narail,Khulna,2000,Aus,0.0,2153.0,2153.0,0.0,5.0,8.0
Narail,Khulna,2000,Boro,21350.0,0.0,21350.0,1.0,12.0,4.0
Narail,Khulna,2005,Aman,11556.0,13659.0,25215.0,0.45829863176680546,7.0,11.541701368233195
Narail,Khulna,2005,Aus,0.0,1890.0,1890.0,0.0,5.0,8.0
Narail,Khulna,2005,Boro,25456.0,0.0,25456.0,1.0,12.0,4.0
Narail,Khulna,2010,Aman,12585.0,15016.0,27601.0,0.45596174051664795,7.0,11.544038259483353
Narail,Khulna,2010,Aus,0.0,2078.0,2078.0,0.0,5.0,8.0
Narail,Khulna,2010,Boro,27723.0,0.0,27723.0,1.0,12.0,4.0
Narail,Khulna,2015,Aman,12585.0,14708.0,27293.0,0.4611072436155791,7.0,11.53889275638442
Narail,Khulna,2015,Aus,0.0,2035.0,2035.0,0.0,5.0,8.0
Narail,Khulna,2015,Boro,27723.0,0.0,27723.0,1.0,12.0,4.0
Narayangonj,Dhaka,2000,Aman,922.0,2971.0,3893.0,0.23683534549190854,7.0,11.763164654508092
Narayangonj,Dhaka,2000,Aus,0.0,118.0,118.0,0.0,5.0,8.0
Narayangonj,Dhaka,2000,Boro,14072.0,7084.0,21156.0,0.6651540934013991,8.31669502741539,4.334845906598601
Narayangonj,Dhaka,2005,Aman,1083.0,2608.0,3691.0,0.29341641831481985,7.0,11.70658358168518
Narayangonj,Dhaka,2005,Aus,0.0,104.0,104.0,0.0,5.0,8.0
Narayangonj,Dhaka,2005,Boro,16778.0,6219.0,22997.0,0.7295734226203417,9.025307648823759,4.270426577379658
Narayangonj,Dhaka,2010,Aman,1180.0,2868.0,4048.0,0.29150197628458496,7.0,11.708498023715414
Narayangonj,Dhaka,2010,Aus,0.0,114.0,114.0,0.0,5.0,8.0
Narayangonj,Dhaka,2010,Boro,18272.0,6837.0,25109.0,0.7277071966227249,9.004779162849974,4.272292803377275
Narayangonj,Dhaka,2015,Aman,1180.0,2809.0,3989.0,0.2958134870894961,7.0,11.704186512910503
Narayangonj,Dhaka,2015,Aus,0.0,112.0,112.0,0.0,5.0,8.0
Narayangonj,Dhaka,2015,Boro,18272.0,6697.0,24969.0,0.7317874163963315,9.049661580359645,4.268212583603669
Narsingdi,Dhaka,2000,Aman,3690.0,0.0,3690.0,1.0,7.0,11.0
Narsingdi,Dhaka,2000,Aus,0.0,0.0,0.0,0.0,,
Narsingdi,Dhaka,2000,Boro,30084.0,0.0,30084.0,1.0,12.0,4.0
Narsingdi,Dhaka,2005,Aman,4334.0,0.0,4334.0,1.0,7.0,11.0
Narsingdi,Dhaka,2005,Aus,0.0,0.0,0.0,0.0,,
Narsingdi,Dhaka,2005,Boro,35869.0,0.0,35869.0,1.0,12.0,4.0
Narsingdi,Dhaka,2010,Aman,4720.0,0.0,4720.0,1.0,7.0,11.0
Narsingdi,Dhaka,2010,Aus,0.0,0.0,0.0,0.0,,
Narsingdi,Dhaka,2010,Boro,39064.0,0.0,39064.0,1.0,12.0,4.0
Narsingdi,Dhaka,2015,Aman,4720.0,0.0,4720.0,1.0,7.0,11.0
Narsingdi,Dhaka,2015,Aus,0.0,0.0,0.0,0.0,,
Narsingdi,Dhaka,2015,Boro,39064.0,0.0,39064.0,1.0,12.0,4.0
Natore,Rajshahi,2000,Aman,28597.0,184785.0,213382.0,0.1340178646746211,7.0,11.865982135325378
Natore,Rajshahi,2000,Aus,0.0,26026.0,26026.0,0.0,4.0,8.0
Natore,Rajshahi,2000,Boro,33724.0,0.0,33724.0,1.0,12.0,4.0
Natore,Rajshahi,2005,Aman,33585.0,162227.0,195812.0,0.1715165566972402,7.0,11.82848344330276
Natore,Rajshahi,2005,Aus,0.0,22848.0,22848.0,0.0,4.0,8.0
Natore,Rajshahi,2005,Boro,40208.0,0.0,40208.0,1.0,12.0,4.0
Natore,Rajshahi,2010,Aman,36577.0,178354.0,214931.0,0.1701801973656662,7.0,11.829819802634335
Natore,Rajshahi,2010,Aus,0.0,25120.0,25120.0,0.0,4.0,8.0
Natore,Rajshahi,2010,Boro,43789.0,0.0,43789.0,1.0,12.0,4.0
Natore,Rajshahi,2015,Aman,36577.0,174687.0,211264.0,0.1731340881551045,7.0,11.826865911844896
Natore,Rajshahi,2015,Aus,0.0,24603.0,24603.0,0.0,4.0,8.0
Natore,Rajshahi,2015,Boro,43789.0,0.0,43789.0,1.0,12.0,4.0
Nawabgonj,Rajshahi,2000,Aman,19680.0,24864.0,44544.0,0.4418103448275862,7.558189655172414,11.558189655172415
Nawabgonj,Rajshahi,2000,Aus,0.0,3502.0,3502.0,0.0,5.0,8.0
Nawabgonj,Rajshahi,2000,Boro,27416.0,0.0,27416.0,1.0,12.0,4.0
Nawabgonj,Rajshahi,2005,Aman,23113.0,21829.0,44942.0,0.5142850785456811,7.485714921454319,11.485714921454319
Nawabgonj,Rajshahi,2005,Aus,0.0,3074.0,3074.0,0.0,5.0,8.0
Nawabgonj,Rajshahi,2005,Boro,32687.0,0.0,32687.0,1.0,12.0,4.0
Nawabgonj,Rajshahi,2010,Aman,25171.0,23998.0,49169.0,0.5119282474730013,7.488071752526999,11.488071752526999
Nawabgonj,Rajshahi,2010,Aus,0.0,3380.0,3380.0,0.0,5.0,8.0
Nawabgonj,Rajshahi,2010,Boro,35599.0,0.0,35599.0,1.0,12.0,4.0
Nawabgonj,Rajshahi,2015,Aman,25171.0,23505.0,48676.0,0.517113156380968,7.482886843619032,11.482886843619031
Nawabgonj,Rajshahi,2015,Aus,0.0,3311.0,3311.0,0.0,5.0,8.0
Nawabgonj,Rajshahi,2015,Boro,35599.0,0.0,35599.0,1.0,12.0,4.0
Netrokona,Dhaka,2010,Aman,7473.0,78703.0,86176.0,0.0867178796880802,7.0,11.91328212031192
Netrokona,Dhaka,2010,Aus,0.0,907.0,907.0,0.0,5.0,8.0
Netrokona,Dhaka,2010,Boro,130423.0,0.0,130423.0,1.0,12.0,4.0
Netrokona,Mymensingh,2000,Aman,5842.0,81541.0,87383.0,0.06685510911733404,7.0,11.933144890882666
Netrokona,Mymensingh,2000,Aus,0.0,940.0,940.0,0.0,5.0,8.0
Netrokona,Mymensingh,2000,Boro,100443.0,0.0,100443.0,1.0,12.0,4.0
Netrokona,Mymensingh,2005,Aman,6862.0,71586.0,78448.0,0.08747195594533959,7.0,11.91252804405466
Netrokona,Mymensingh,2005,Aus,0.0,825.0,825.0,0.0,5.0,8.0
Netrokona,Mymensingh,2005,Boro,115237.0,0.0,115237.0,1.0,12.0,4.0
Netrokona,Mymensingh,2010,Aus,0.0,0.0,0.0,0.0,,
Netrokona,Mymensingh,2015,Aman,7473.0,77085.0,84558.0,0.08837720854324842,7.0,11.911622791456752
Netrokona,Mymensingh,2015,Aus,0.0,889.0,889.0,0.0,5.0,8.0
Netrokona,Mymensingh,2015,Boro,130423.0,0.0,130423.0,1.0,12.0,4.0
Nilphamari,Rangpur,2000,Aman,6150.0,67212.0,73362.0,0.08383086611597285,7.0,11.916169133884027
Nilphamari,Rangpur,2000,Aus,0.0,0.0,0.0,0.0,,
Nilphamari,Rangpur,2000,Boro,52405.0,0.0,52405.0,1.0,12.0,4.0
Nilphamari,Rangpur,2005,Aman,7223.0,59007.0,66230.0,0.10905933866827722,7.0,11.890940661331722
Nilphamari,Rangpur,2005,Aus,0.0,0.0,0.0,0.0,,
Nilphamari,Rangpur,2005,Boro,61755.0,0.0,61755.0,1.0,12.0,4.0
Nilphamari,Rangpur,2010,Aman,7866.0,64873.0,72739.0,0.1081400624149356,7.0,11.891859937585064
Nilphamari,Rangpur,2010,Aus,0.0,0.0,0.0,0.0,,
Nilphamari,Rangpur,2010,Boro,68047.0,0.0,68047.0,1.0,12.0,4.0
Nilphamari,Rangpur,2015,Aman,7866.0,63539.0,71405.0,0.11016035291646244,7.0,11.889839647083537
Nilphamari,Rangpur,2015,Aus,0.0,0.0,0.0,0.0,,
Nilphamari,Rangpur,2015,Boro,68047.0,0.0,68047.0,1.0,12.0,4.0
Noagaon,Rajshahi,2000,Aman,70725.0,47962.0,118687.0,0.5958950853926714,7.404104914607329,11.404104914607329
Noagaon,Rajshahi,2000,Aus,0.0,6755.0,6755.0,0.0,5.0,8.0
Noagaon,Rajshahi,2000,Boro,38576.0,0.0,38576.0,1.0,12.0,4.0
Noagaon,Rajshahi,2005,Aman,83061.0,42107.0,125168.0,0.6635961268055733,7.336403873194427,11.336403873194426
Noagaon,Rajshahi,2005,Aus,0.0,5930.0,5930.0,0.0,5.0,8.0
Noagaon,Rajshahi,2005,Boro,45994.0,0.0,45994.0,1.0,12.0,4.0
Noagaon,Rajshahi,2010,Aman,90458.0,46292.0,136750.0,0.6614844606946984,7.338515539305302,11.338515539305302
Noagaon,Rajshahi,2010,Aus,0.0,6520.0,6520.0,0.0,5.0,8.0
Noagaon,Rajshahi,2010,Boro,50090.0,0.0,50090.0,1.0,12.0,4.0
Noagaon,Rajshahi,2015,Aman,90458.0,45341.0,135799.0,0.6661168344391343,7.333883165560866,11.333883165560867
Noagaon,Rajshahi,2015,Aus,0.0,6386.0,6386.0,0.0,5.0,8.0
Noagaon,Rajshahi,2015,Boro,50090.0,0.0,50090.0,1.0,12.0,4.0
Noakhali,Chittagong,2000,Aman,0.0,110130.0,110130.0,0.0,7.0,12.0
Noakhali,Chittagong,2000,Aus,0.0,50745.0,50745.0,0.0,5.0,9.0
Noakhali,Chittagong,2000,Boro,24655.0,54918.0,79573.0,0.3098412778203662,4.408254056024028,4.690158722179634
Noakhali,Chittagong,2005,Aman,0.0,96685.0,96685.0,0.0,7.0,12.0
Noakhali,Chittagong,2005,Aus,0.0,44550.0,44550.0,0.0,5.0,9.0
Noakhali,Chittagong,2005,Boro,39341.0,48214.0,87555.0,0.4493289932042716,5.942618925246988,4.550671006795729
Noakhali,Chittagong,2010,Aman,0.0,106297.0,106297.0,0.0,7.0,12.0
Noakhali,Chittagong,2010,Aus,0.0,48978.0,48978.0,0.0,5.0,9.0
Noakhali,Chittagong,2010,Boro,42844.0,53007.0,95851.0,0.4469854252955107,5.916839678250618,4.5530145747044894
Noakhali,Chittagong,2015,Aman,0.0,104111.0,104111.0,0.0,7.0,12.0
Noakhali,Chittagong,2015,Aus,0.0,47971.0,47971.0,0.0,5.0,9.0
Noakhali,Chittagong,2015,Boro,42844.0,51917.0,94761.0,0.45212692985510916,5.973396228406201,4.547873070144891
Pabna,Rajshahi,2000,Aman,19987.0,58628.0,78615.0,0.2542390129110221,7.0,11.745760987088978
Pabna,Rajshahi,2000,Aus,0.0,13514.0,13514.0,0.0,5.0,8.0
Pabna,Rajshahi,2000,Boro,32996.0,43163.0,76159.0,0.43325148702057537,5.765766357226329,4.566748512979425
Pabna,Rajshahi,2005,Aman,23474.0,51471.0,74945.0,0.31321635866301956,7.0,11.68678364133698
Pabna,Rajshahi,2005,Aus,0.0,11865.0,11865.0,0.0,5.0,8.0
Pabna,Rajshahi,2005,Boro,39341.0,37894.0,77235.0,0.5093675147277789,6.603042662005567,4.490632485272221
Pabna,Rajshahi,2010,Aman,25564.0,56587.0,82151.0,0.311183065330915,7.0,11.688816934669084
Pabna,Rajshahi,2010,Aus,0.0,13044.0,13044.0,0.0,5.0,8.0
Pabna,Rajshahi,2010,Boro,42844.0,41661.0,84505.0,0.506999585823324,6.576995444056565,4.4930004141766755
Pabna,Rajshahi,2015,Aman,25564.0,55424.0,80988.0,0.31565170148664,7.0,11.68434829851336
Pabna,Rajshahi,2015,Aus,0.0,12776.0,12776.0,0.0,5.0,8.0
Pabna,Rajshahi,2015,Boro,42844.0,40804.0,83648.0,0.5121939556235654,6.634133511859219,4.487806044376435
Panchagar,Rangpur,2000,Aman,307.0,72652.0,72959.0,0.004207842761002755,7.995792157238998,11.995792157238997
Panchagar,Rangpur,2000,Aus,0.0,0.0,0.0,0.0,,
Panchagar,Rangpur,2000,Boro,17468.0,0.0,17468.0,1.0,12.0,4.0
Panchagar,Rangpur,2005,Aman,361.0,63783.0,64144.0,0.005627962085308057,7.994372037914692,11.994372037914692
Panchagar,Rangpur,2005,Aus,0.0,0.0,0.0,0.0,,
Panchagar,Rangpur,2005,Boro,20827.0,0.0,20827.0,1.0,12.0,4.0
Panchagar,Rangpur,2010,Aman,393.0,70123.0,70516.0,0.005573203244653695,7.994426796755346,11.994426796755347
Panchagar,Rangpur,2010,Aus,0.0,0.0,0.0,0.0,,
Panchagar,Rangpur,2010,Boro,22682.0,0.0,22682.0,1.0,12.0,4.0
Panchagar,Rangpur,2015,Aman,393.0,68681.0,69074.0,0.005689550337319396,7.994310449662681,11.994310449662681
Panchagar,Rangpur,2015,Aus,0.0,0.0,0.0,0.0,,
Panchagar,Rangpur,2015,Boro,22682.0,0.0,22682.0,1.0,12.0,4.0
Patuakhali,Barisal,2000,Aman,615.0,226604.0,227219.0,0.00270663984966046,7.99729336015034,11.997293360150339
Patuakhali,Barisal,2000,Aus,0.0,71235.0,71235.0,0.0,5.0,8.0
Patuakhali,Barisal,2000,Boro,638.0,0.0,638.0,1.0,12.0,4.0
Patuakhali,Barisal,2005,Aman,722.0,198941.0,199663.0,0.0036160931169019798,7.996383906883098,11.996383906883098
Patuakhali,Barisal,2005,Aus,0.0,62539.0,62539.0,0.0,5.0,8.0
Patuakhali,Barisal,2005,Boro,733.0,0.0,733.0,1.0,12.0,4.0
Patuakhali,Barisal,2010,Aman,787.0,218717.0,219504.0,0.0035853560755157083,7.996414643924484,11.996414643924485
Patuakhali,Barisal,2010,Aus,0.0,68755.0,68755.0,0.0,5.0,8.0
Patuakhali,Barisal,2010,Boro,945.0,0.0,945.0,1.0,12.0,4.0
Patuakhali,Barisal,2015,Aman,787.0,214220.0,215007.0,0.003660345942225137,7.996339654057775,11.996339654057774
Patuakhali,Barisal,2015,Aus,0.0,67342.0,67342.0,0.0,5.0,8.0
Patuakhali,Barisal,2015,Boro,945.0,0.0,945.0,1.0,12.0,4.0
Perojpur,Barisal,2000,Aman,0.0,64065.0,64065.0,0.0,7.0,12.0
Perojpur,Barisal,2000,Aus,0.0,25040.0,25040.0,0.0,6.0,9.0
Perojpur,Barisal,2000,Boro,6554.0,17853.0,24407.0,0.26852952021960913,3.9538247224157006,4.0
Perojpur,Barisal,2005,Aman,0.0,56244.0,56244.0,0.0,7.0,12.0
Perojpur,Barisal,2005,Aus,0.0,21983.0,21983.0,0.0,6.0,9.0
Perojpur,Barisal,2005,Boro,7946.0,15673.0,23619.0,0.33642406537109953,4.700664719082095,4.0
Perojpur,Barisal,2010,Aman,0.0,61835.0,61835.0,0.0,7.0,12.0
Perojpur,Barisal,2010,Aus,0.0,24168.0,24168.0,0.0,6.0,9.0
Perojpur,Barisal,2010,Boro,14176.0,17231.0,31407.0,0.451364345528067,5.965007800808737,4.0
Perojpur,Barisal,2015,Aman,0.0,60563.0,60563.0,0.0,7.0,12.0
Perojpur,Barisal,2015,Aus,0.0,23672.0,23672.0,0.0,6.0,9.0
Perojpur,Barisal,2015,Boro,14176.0,16877.0,31053.0,0.45650983801887096,6.0216082182075805,4.0
Rajbari,Dhaka,2000,Aman,23062.0,0.0,23062.0,1.0,7.0,11.0
Rajbari,Dhaka,2000,Aus,0.0,0.0,0.0,0.0,,
Rajbari,Dhaka,2000,Boro,18924.0,0.0,18924.0,1.0,12.0,4.0
Rajbari,Dhaka,2005,Aman,27085.0,0.0,27085.0,1.0,7.0,11.0
Rajbari,Dhaka,2005,Aus,0.0,0.0,0.0,0.0,,
Rajbari,Dhaka,2005,Boro,22563.0,0.0,22563.0,1.0,12.0,4.0
Rajbari,Dhaka,2010,Aman,29497.0,0.0,29497.0,1.0,7.0,11.0
Rajbari,Dhaka,2010,Aus,0.0,0.0,0.0,0.0,,
Rajbari,Dhaka,2010,Boro,24572.0,0.0,24572.0,1.0,12.0,4.0
Rajbari,Dhaka,2015,Aman,29497.0,0.0,29497.0,1.0,7.0,11.0
Rajbari,Dhaka,2015,Aus,0.0,0.0,0.0,0.0,,
Rajbari,Dhaka,2015,Boro,24572.0,0.0,24572.0,1.0,12.0,4.0
Rajshahi,Rajshahi,2000,Aman,29212.0,39001.0,68213.0,0.428246815123217,7.571753184876783,11.571753184876783
Rajshahi,Rajshahi,2000,Aus,0.0,20029.0,20029.0,0.0,4.0,8.0
Rajshahi,Rajshahi,2000,Boro,38333.0,0.0,38333.0,1.0,12.0,4.0
Rajshahi,Rajshahi,2005,Aman,34308.0,34240.0,68548.0,0.500496002800957,7.499503997199043,11.499503997199042
Rajshahi,Rajshahi,2005,Aus,0.0,17584.0,17584.0,0.0,4.0,8.0
Rajshahi,Rajshahi,2005,Boro,45705.0,0.0,45705.0,1.0,12.0,4.0
Rajshahi,Rajshahi,2010,Aman,37363.0,37644.0,75007.0,0.4981268414947938,7.501873158505206,11.501873158505207
Rajshahi,Rajshahi,2010,Aus,0.0,19332.0,19332.0,0.0,4.0,8.0
Rajshahi,Rajshahi,2010,Boro,49775.0,0.0,49775.0,1.0,12.0,4.0
Rajshahi,Rajshahi,2015,Aman,37363.0,36870.0,74233.0,0.50332062559778,7.49667937440222,11.49667937440222
Rajshahi,Rajshahi,2015,Aus,0.0,18935.0,18935.0,0.0,4.0,8.0
Rajshahi,Rajshahi,2015,Boro,49775.0,0.0,49775.0,1.0,12.0,4.0
Rangamati,Chittagong,2000,Aman,0.0,10728.0,10728.0,0.0,7.0,12.0
Rangamati,Chittagong,2000,Aus,0.0,4943.0,4943.0,0.0,5.0,9.0
Rangamati,Chittagong,2000,Boro,4367.0,5349.0,9716.0,0.44946480032935365,5.9441128036228905,4.550535199670646
Rangamati,Chittagong,2005,Aman,0.0,9418.0,9418.0,0.0,7.0,12.0
Rangamati,Chittagong,2005,Aus,0.0,4340.0,4340.0,0.0,5.0,9.0
Rangamati,Chittagong,2005,Boro,5207.0,4696.0,9903.0,0.525800262546703,6.783802888013733,4.474199737453297
Rangamati,Chittagong,2010,Aman,0.0,10354.0,10354.0,0.0,7.0,12.0
Rangamati,Chittagong,2010,Aus,0.0,4771.0,4771.0,0.0,5.0,9.0
Rangamati,Chittagong,2010,Boro,5671.0,5163.0,10834.0,0.5234447110947019,6.757891822041721,4.476555288905298
Rangamati,Chittagong,2015,Aman,0.0,10141.0,10141.0,0.0,7.0,12.0
Rangamati,Chittagong,2015,Aus,0.0,4673.0,4673.0,0.0,5.0,9.0
Rangamati,Chittagong,2015,Boro,5671.0,5057.0,10728.0,0.5286167039522744,6.814783743475019,4.471383296047725
Rangpur,Rangpur,2000,Aman,6150.0,112568.0,118718.0,0.051803433346249095,7.948196566653751,11.94819656665375
Rangpur,Rangpur,2000,Aus,0.0,0.0,0.0,0.0,,
Rangpur,Rangpur,2000,Boro,81519.0,0.0,81519.0,1.0,12.0,4.0
Rangpur,Rangpur,2005,Aman,7223.0,98826.0,106049.0,0.0681100246112646,7.931889975388735,11.931889975388735
Rangpur,Rangpur,2005,Aus,0.0,0.0,0.0,0.0,,
Rangpur,Rangpur,2005,Boro,97194.0,0.0,97194.0,1.0,12.0,4.0
Rangpur,Rangpur,2010,Aman,7866.0,108650.0,116516.0,0.0675100415393594,7.932489958460641,11.932489958460641
Rangpur,Rangpur,2010,Aus,0.0,0.0,0.0,0.0,,
Rangpur,Rangpur,2010,Boro,105851.0,0.0,105851.0,1.0,12.0,4.0
Rangpur,Rangpur,2015,Aman,7866.0,106416.0,114282.0,0.06882973696645141,7.9311702630335486,11.931170263033549
Rangpur,Rangpur,2015,Aus,0.0,0.0,0.0,0.0,,
Rangpur,Rangpur,2015,Boro,105851.0,0.0,105851.0,1.0,12.0,4.0
Satkhira,Khulna,2000,Aman,2460.0,66450.0,68910.0,0.03569873748367436,7.964301262516326,11.964301262516326
Satkhira,Khulna,2000,Aus,0.0,5179.0,5179.0,0.0,5.0,8.0
Satkhira,Khulna,2000,Boro,41730.0,0.0,41730.0,1.0,12.0,4.0
Satkhira,Khulna,2005,Aman,2889.0,58338.0,61227.0,0.047185065412318095,7.952814934587682,11.952814934587682
Satkhira,Khulna,2005,Aus,0.0,4547.0,4547.0,0.0,5.0,8.0
Satkhira,Khulna,2005,Boro,49754.0,0.0,49754.0,1.0,12.0,4.0
Satkhira,Khulna,2010,Aman,3146.0,64137.0,67283.0,0.0467577248339105,7.953242275166089,11.95324227516609
Satkhira,Khulna,2010,Aus,0.0,4999.0,4999.0,0.0,5.0,8.0
Satkhira,Khulna,2010,Boro,54185.0,0.0,54185.0,1.0,12.0,4.0
Satkhira,Khulna,2015,Aman,3146.0,62819.0,65965.0,0.047691957856439024,7.952308042143561,11.95230804214356
Satkhira,Khulna,2015,Aus,0.0,4896.0,4896.0,0.0,5.0,8.0
Satkhira,Khulna,2015,Boro,54185.0,0.0,54185.0,1.0,12.0,4.0
Shariatpur,Dhaka,2000,Aman,1537.0,6941.0,8478.0,0.18129275772587874,7.0,11.81870724227412
Shariatpur,Dhaka,2000,Aus,0.0,4755.0,4755.0,0.0,4.0,8.0
Shariatpur,Dhaka,2000,Boro,15770.0,15802.0,31572.0,0.4994932218421386,6.494425440263525,4.500506778157861
Shariatpur,Dhaka,2005,Aman,1806.0,6094.0,7900.0,0.22860759493670887,7.0,11.771392405063292
Shariatpur,Dhaka,2005,Aus,0.0,4174.0,4174.0,0.0,4.0,8.0
Shariatpur,Dhaka,2005,Boro,18802.0,13873.0,32675.0,0.575424636572303,7.329671002295333,4.424575363427697
Shariatpur,Dhaka,2010,Aman,1966.0,6699.0,8665.0,0.22688978649740335,7.0,11.773110213502596
Shariatpur,Dhaka,2010,Aus,0.0,4589.0,4589.0,0.0,4.0,8.0
Shariatpur,Dhaka,2010,Boro,20477.0,15252.0,35729.0,0.57311987461166,7.30431862072826,4.42688012538834
Shariatpur,Dhaka,2015,Aman,1966.0,6562.0,8528.0,0.23053470919324578,7.0,11.769465290806755
Shariatpur,Dhaka,2015,Aus,0.0,4495.0,4495.0,0.0,4.0,8.0
Shariatpur,Dhaka,2015,Boro,20477.0,14938.0,35415.0,0.5782013271212763,7.360214598334039,4.421798672878723
Sherpur,Dhaka,2010,Aman,3540.0,51856.0,55396.0,0.06390353094086215,7.0,11.936096469059137
Sherpur,Dhaka,2010,Aus,0.0,3396.0,3396.0,0.0,5.0,8.0
Sherpur,Dhaka,2010,Boro,69307.0,0.0,69307.0,1.0,12.0,4.0
Sherpur,Mymensingh,2000,Aman,2767.0,53726.0,56493.0,0.04897951958649744,7.0,11.951020480413503
Sherpur,Mymensingh,2000,Aus,0.0,3519.0,3519.0,0.0,5.0,8.0
Sherpur,Mymensingh,2000,Boro,33685.0,0.0,33685.0,1.0,12.0,4.0
Sherpur,Mymensingh,2005,Aman,3250.0,47168.0,50418.0,0.06446110516085525,7.0,11.935538894839144
Sherpur,Mymensingh,2005,Aus,0.0,3089.0,3089.0,0.0,5.0,8.0
Sherpur,Mymensingh,2005,Boro,36907.0,0.0,36907.0,1.0,12.0,4.0
Sherpur,Mymensingh,2010,Aus,0.0,0.0,0.0,0.0,,
Sherpur,Mymensingh,2015,Aman,3540.0,50790.0,54330.0,0.06515737161789067,7.0,11.934842628382109
Sherpur,Mymensingh,2015,Aus,0.0,3327.0,3327.0,0.0,5.0,8.0
Sherpur,Mymensingh,2015,Boro,69307.0,0.0,69307.0,1.0,12.0,4.0
Sirajgonj,Rajshahi,2000,Aman,28905.0,23232.0,52137.0,0.5544047413545083,7.445595258645492,11.445595258645492
Sirajgonj,Rajshahi,2000,Aus,0.0,1545.0,1545.0,0.0,5.0,8.0
Sirajgonj,Rajshahi,2000,Boro,83217.0,40019.0,123236.0,0.6752653445421792,8.427918789963972,4.324734655457821
Sirajgonj,Rajshahi,2005,Aman,33947.0,20396.0,54343.0,0.6246802716081188,7.375319728391881,11.375319728391881
Sirajgonj,Rajshahi,2005,Aus,0.0,1357.0,1357.0,0.0,5.0,8.0
Sirajgonj,Rajshahi,2005,Boro,99219.0,35134.0,134353.0,0.7384948605539139,9.123443466093054,4.261505139446086
Sirajgonj,Rajshahi,2010,Aman,36970.0,22423.0,59393.0,0.6224639267253717,7.377536073274628,11.377536073274628
Sirajgonj,Rajshahi,2010,Aus,0.0,1492.0,1492.0,0.0,5.0,8.0
Sirajgonj,Rajshahi,2010,Boro,108056.0,38627.0,146683.0,0.7366634170285582,9.10329758731414,4.263336582971442
Sirajgonj,Rajshahi,2015,Aman,36970.0,21962.0,58932.0,0.6273331975836557,7.372666802416345,11.372666802416344
Sirajgonj,Rajshahi,2015,Aus,0.0,1461.0,1461.0,0.0,5.0,8.0
Sirajgonj,Rajshahi,2015,Boro,108056.0,37832.0,145888.0,0.7406777802149594,9.147455582364554,4.259322219785041
Sunamgonj,Sylhet,2000,Aman,16912.0,72621.0,89533.0,0.18889124680285482,7.8111087531971455,11.811108753197145
Sunamgonj,Sylhet,2000,Aus,0.0,14977.0,14977.0,0.0,5.0,8.0
Sunamgonj,Sylhet,2000,Boro,75696.0,0.0,75696.0,1.0,12.0,4.0
Sunamgonj,Sylhet,2005,Aman,19862.0,63755.0,83617.0,0.23753542939832809,7.762464570601672,11.762464570601672
Sunamgonj,Sylhet,2005,Aus,0.0,13148.0,13148.0,0.0,5.0,8.0
Sunamgonj,Sylhet,2005,Boro,90252.0,0.0,90252.0,1.0,12.0,4.0
Sunamgonj,Sylhet,2010,Aman,21631.0,70093.0,91724.0,0.23582704635646068,7.7641729536435395,11.76417295364354
Sunamgonj,Sylhet,2010,Aus,0.0,14455.0,14455.0,0.0,5.0,8.0
Sunamgonj,Sylhet,2010,Boro,98290.0,0.0,98290.0,1.0,12.0,4.0
Sunamgonj,Sylhet,2015,Aman,21631.0,68652.0,90283.0,0.2395910636553947,7.760408936344605,11.760408936344605
Sunamgonj,Sylhet,2015,Aus,0.0,14158.0,14158.0,0.0,5.0,8.0
Sunamgonj,Sylhet,2015,Boro,98290.0,0.0,98290.0,1.0,12.0,4.0
Sylhet,Sylhet,2000,Aman,16297.0,127850.0,144147.0,0.11305819753446135,7.886941802465539,11.886941802465538
Sylhet,Sylhet,2000,Aus,0.0,26366.0,26366.0,0.0,4.0,8.0
Sylhet,Sylhet,2000,Boro,31540.0,56025.0,87565.0,0.36018957345971564,4.962085308056872,4.639810426540285
Sylhet,Sylhet,2005,Aman,19140.0,112243.0,131383.0,0.14568094806786266,7.854319051932137,11.854319051932137
Sylhet,Sylhet,2005,Aus,0.0,23148.0,23148.0,0.0,4.0,8.0
Sylhet,Sylhet,2005,Boro,37605.0,49185.0,86790.0,0.4332872450743173,5.766159695817491,4.566712754925683
Sylhet,Sylhet,2010,Aman,20845.0,123400.0,144245.0,0.14451107490727583,7.8554889250927245,11.855488925092724
Sylhet,Sylhet,2010,Aus,0.0,25449.0,25449.0,0.0,4.0,8.0
Sylhet,Sylhet,2010,Boro,40954.0,54075.0,95029.0,0.4309631796609456,5.740594976270402,4.569036820339054
Sylhet,Sylhet,2015,Aman,20845.0,120863.0,141708.0,0.14709825839049312,7.852901741609507,11.852901741609507
Sylhet,Sylhet,2015,Aus,0.0,24926.0,24926.0,0.0,4.0,8.0
Sylhet,Sylhet,2015,Boro,40954.0,52963.0,93917.0,0.4360658879649052,5.796724767613957,4.563934112035095
Tangail,Dhaka,2000,Aman,21832.0,55950.0,77782.0,0.2806819058393973,7.0,11.719318094160602
Tangail,Dhaka,2000,Aus,0.0,390.0,390.0,0.0,5.0,8.0
Tangail,Dhaka,2000,Boro,100443.0,66450.0,166893.0,0.6018407003289533,7.620247703618486,4.398159299671047
Tangail,Dhaka,2005,Aman,25640.0,49120.0,74760.0,0.342964151952916,7.0,11.657035848047084
Tangail,Dhaka,2005,Aus,0.0,343.0,343.0,0.0,5.0,8.0
Tangail,Dhaka,2005,Boro,119757.0,58338.0,178095.0,0.6724332519161121,8.396765771077234,4.327566748083888
Tangail,Dhaka,2010,Aman,27924.0,54003.0,81927.0,0.3408400161119045,7.0,11.659159983888095
Tangail,Dhaka,2010,Aus,0.0,377.0,377.0,0.0,5.0,8.0
Tangail,Dhaka,2010,Boro,130423.0,64137.0,194560.0,0.6703484786184211,8.37383326480263,4.329651521381579
Tangail,Dhaka,2015,Aman,27924.0,52893.0,80817.0,0.3455213630795501,7.0,11.65447863692045
Tangail,Dhaka,2015,Aus,0.0,369.0,369.0,0.0,5.0,8.0
Tangail,Dhaka,2015,Boro,130423.0,62819.0,193242.0,0.674920565922522,8.424126225147742,4.325079434077478
Thakurgaon,Rangpur,2000,Aman,11377.0,0.0,11377.0,1.0,7.0,11.0
Thakurgaon,Rangpur,2000,Aus,0.0,0.0,0.0,0.0,,
Thakurgaon,Rangpur,2000,Boro,33724.0,0.0,33724.0,1.0,12.0,4.0
Thakurgaon,Rangpur,2005,Aman,13362.0,0.0,13362.0,1.0,7.0,11.0
Thakurgaon,Rangpur,2005,Aus,0.0,0.0,0.0,0.0,,
Thakurgaon,Rangpur,2005,Boro,40208.0,0.0,40208.0,1.0,12.0,4.0
Thakurgaon,Rangpur,2010,Aman,14552.0,0.0,14552.0,1.0,7.0,11.0
Thakurgaon,Rangpur,2010,Aus,0.0,0.0,0.0,0.0,,
Thakurgaon,Rangpur,2010,Boro,43789.0,0.0,43789.0,1.0,12.0,4.0
Thakurgaon,Rangpur,2015,Aman,14552.0,0.0,14552.0,1.0,7.0,11.0
Thakurgaon,Rangpur,2015,Aus,0.0,0.0,0.0,0.0,,
Thakurgaon,Rangpur,2015,Boro,43789.0,0.0,43789.0,1.0,12.0,4.0
